Id,Category
100028593_af7d48448a_o.jpg,1
10003034604_c2beed00c5_o.jpg,1
1001057768_9a5a16f687_o.jpg,0
10013551155_28b798defc_o.jpg,0
10015407805_7eeee4d177_o.jpg,0
10020989286_43d31f8016_o.jpg,0
10025779873_21afe04e2a_o.jpg,1
10028555573_2e1fa5dee1_o.jpg,0
10030077853_c0a9b559bf_o.jpg,0
1003249172_83f6bffd6e_o.jpg,0
1003252690_289d414ca0_o.jpg,0
10033555544_d6a70d9ae2_o.jpg,0
10033620176_4ed6c24377_o.jpg,0
10039734044_78f27e5d9f_o.jpg,0
10045655396_5c8cf07121_o.jpg,0
10046876246_8ec61d4016_o.jpg,1
10047347845_3056b5781e_o.jpg,0
10051904615_1b7bbeb942_o.jpg,0
100520512_2add13d327_o.jpg,0
10052291965_470d5d7f71_o.jpg,0
10053082916_592764d739_o.jpg,1
10053897315_872383dcb4_o.jpg,0
10054670536_e55c9b20f6_o.jpg,0
10062024016_bb193c534a_o.jpg,0
10068363983_f34738bc6d_o.jpg,0
10068388913_b0f2faf0b1_o.jpg,0
10070550406_30ace385a3_o.jpg,1
10078941214_aa1a93039e_o.jpg,0
1008545667_390583b4c4_o.jpg,0
1008554637_d43d542706_o.jpg,1
100882092_5af40e3432_o.jpg,0
100886415_b80f58b947_o.jpg,1
1009398406_1cb4ddfd95_o.jpg,0
1009400428_30c1a672f9_o.jpg,0
1009401488_4fca34690a_o.jpg,1
1009411250_01c6dd03be_o.jpg,0
100944832_5f76d66153_o.jpg,0
10096162026_600b33d995_o.jpg,1
100966750_90640b0be5_o.jpg,0
1009834864_10a9ff9592_o.jpg,0
10099774403_63d3c1d6d6_o.jpg,1
10100032174_a2d851b207_o.jpg,0
10109031534_5d79af837c_o.jpg,1
101118408_d70bb6122d_o.jpg,1
101120419_d786168136_o.jpg,0
101121398_91002a4302_o.jpg,0
101121479_a83e5f779c_o.jpg,0
10116495613_b2042ae010_o.jpg,0
10116912744_18a61018a4_o.jpg,1
10119680715_1438f20be3_o.jpg,1
10128152153_545a5d5e4f_o.jpg,0
10128178665_720dbe14be_o.jpg,0
10130860166_67a005ab1d_o.jpg,1
10135548224_ae783baa8b_o.jpg,0
10155308063_8139c79419_o.jpg,0
1015561532_8ce61de8dd_o.jpg,0
10157071196_148d8a6ac6_o.jpg,1
10158870043_caa7074be8_o.jpg,0
10164486426_0a12ec6583_o.jpg,0
10169145264_6bd77196e7_o.jpg,0
1017625969_eed3a07d82_o.jpg,0
10176766605_f55cf436e0_o.jpg,0
1018076201_aa49c5ada2_o.jpg,0
10182563905_a921cb44e0_o.jpg,0
101836579_777fc47a10_o.jpg,0
101864832_b879db01e2_o.jpg,0
10187231633_89ce5135d0_o.jpg,0
10189605403_e9be201586_o.jpg,0
1019731495_aaaf30cda2_o.jpg,1
1019935985_f4be27747d_o.jpg,0
10207481926_80b56e932b_o.jpg,0
102127954_23b67bcf48_o.jpg,0
1021309969_f94305876a_o.jpg,1
10219949375_541ce9e672_o.jpg,0
1022076583_4f37d8f4a6_o.jpg,0
1022200471_49f5d4edcc_o.jpg,0
10224697524_fd355089fe_o.jpg,1
10229922795_0772ac3299_o.jpg,0
10230384116_5e1d1314f8_o.jpg,0
10230870854_2f0f9ab8c1_o.jpg,1
10230942424_d7b797935f_o.jpg,0
10231001095_0a349cf986_o.jpg,1
10234307534_961e24eb8a_o.jpg,1
10236289706_58ae6470c1_o.jpg,0
10236936384_1afb5873a7_o.jpg,1
10237236183_4fec2c0474_o.jpg,0
10237257016_5da1497fd0_o.jpg,0
10239087616_460a169fbd_o.jpg,1
10249446223_605a80ce2b_o.jpg,1
10249820416_cf8daf4069_o.jpg,0
10256472034_37c8ac6783_o.jpg,1
10256545406_2cfce28fe7_o.jpg,1
102593374_4a104214de_o.jpg,0
10259348566_31d42a914d_o.jpg,1
10262333104_23c7b397cf_o.jpg,0
10263794446_dfc4ec6dab_o.jpg,0
10273652274_3f50deeb81_o.jpg,0
10273747995_f9f4de476a_o.jpg,0
102798906_bdb7cba1fb_o.jpg,0
1028141020_240fadb08e_o.jpg,0
102912255_a00afcc64f_o.jpg,0
102975048_1cf648aa68_o.jpg,0
102975064_e4932c38be_o.jpg,0
102975157_72139fc299_o.jpg,0
102975207_9e91ce07cf_o.jpg,0
103126591_5a8f96defb_o.jpg,0
103127412_1f4ac10860_o.jpg,0
103127662_b305110596_o.jpg,0
103127813_4c0afe1b62_o.jpg,0
10314362245_0ccfe42ec7_o.jpg,0
10315717733_d1eccb8ccf_o.jpg,0
10316627595_ee574d8fac_o.jpg,0
1031846799_4c526256fb_o.jpg,0
103184844_1eeecdbc19_o.jpg,0
10319656894_3f0340ac7f_o.jpg,0
10326261556_52de848daa_o.jpg,1
10328589906_6453a6a42b_o.jpg,1
10331144253_1748fcf7f8_o.jpg,1
10336013746_c5d9e05ff9_o.jpg,0
1033879140_238a41a6e8_o.jpg,1
1033879228_bf37646e45_o.jpg,1
103400056_5a385c022c_o.jpg,0
10341365514_e6143ed21c_o.jpg,1
10344518_c4b37a103a_o.jpg,1
10345676285_b8be6b531b_o.jpg,0
10347206014_838bb0cefa_o.jpg,1
10356642135_c9bf5aea96_o.jpg,1
10357187823_a772622ed5_o.jpg,0
103607134_a4d1e4abd1_o.jpg,0
1036072153_0a522b3da4_o.jpg,0
10372134885_26f4f99a6f_o.jpg,0
10372402535_37cc38919e_o.jpg,0
10377644936_9f0c81e8dd_o.jpg,1
10381359395_77474727de_o.jpg,0
10383211515_5ecf986cb6_o.jpg,1
10386634613_02ca858e0a_o.jpg,0
103868854_0f72b9a57a_o.jpg,0
10387470504_e1a38899af_o.jpg,1
10388151425_0319a69920_o.jpg,1
10392430716_7317a0e2ea_o.jpg,1
10397587854_cc08ede0c0_o.jpg,0
1039905643_5d5a63cb94_o.jpg,0
10414339725_f776a36cee_o.jpg,1
10414367096_1a5683d34c_o.jpg,1
104166847_27d98a639b_o.jpg,1
1041824549_379d3eadd4_o.jpg,0
10418792406_02fe894131_o.jpg,1
10419444923_a69519c608_o.jpg,1
10422264074_2cdedf3dd6_o.jpg,0
104285987_3b06e25176_o.jpg,0
104295074_7cea898d6d_o.jpg,0
104303950_208314d9c7_o.jpg,1
10430497094_7ffb26cf18_o.jpg,1
10430516144_2b92acf962_o.jpg,1
104305504_4482d1ad1e_o.jpg,0
104305938_2632fee514_o.jpg,0
104306259_0b29ce71a1_o.jpg,0
104306339_106207cdea_o.jpg,0
10430800713_7c50b1c1c6_o.jpg,1
10436586395_03ff2b867f_o.jpg,0
10437940915_3923ba1f0b_o.jpg,0
10439979154_ae2ac30ef5_o.jpg,1
10440082273_07de6880a5_o.jpg,0
10441103644_348c455e09_o.jpg,0
10441104925_0b99a8d290_o.jpg,1
104439423_c1048658de_o.jpg,0
10445630646_1a3bcda8b6_o.jpg,0
10445644196_54cac52f34_o.jpg,0
10445649034_b7d3f4746f_o.jpg,1
10445811353_b9558e757b_o.jpg,0
10446309674_f55c6485f3_o.jpg,0
10447978333_7d5db4a21e_o.jpg,0
10450145365_06aca6f380_o.jpg,1
10450272453_7169219541_o.jpg,0
10450343434_695fd359cd_o.jpg,0
104509191_158369eb7b_o.jpg,0
10453426533_95fdde51d6_o.jpg,1
10459676704_df2d208124_o.jpg,1
10460269434_da76858a0a_o.jpg,1
10464429753_3c18fa34d4_o.jpg,0
10472296575_6693719a94_o.jpg,1
10473498766_34f6b410e5_o.jpg,0
10478400636_1181c8a163_o.jpg,0
10478532703_2a0b69c554_o.jpg,0
10482846436_a65e6db642_o.jpg,0
1048501077_cb9bbc5c6e_o.jpg,0
10492256946_5176065877_o.jpg,1
10492257106_fa9f88c246_o.jpg,0
1049660361_d60670431d_o.jpg,1
10497283415_a0bb13666d_o.jpg,1
10498255035_00f9cda129_o.jpg,0
10499077094_aeb15d51e7_o.jpg,0
1050163121_73da5ae24a_o.jpg,0
10503499746_0277c6566e_o.jpg,0
10503908486_e076ea6774_o.jpg,0
10512714086_c3f22ec72c_o.jpg,1
10512913563_b2c5f60084_o.jpg,0
10513139854_90bb73aa7d_o.jpg,1
10519419473_5b777732e7_o.jpg,0
10521776526_c371881dd5_o.jpg,0
10522423536_5fa9b0d378_o.jpg,1
10523919434_9a7e778fb0_o.jpg,1
1052628908_c21c4024df_o.jpg,0
10526327746_082caa226c_o.jpg,1
10530747933_de1141ec41_o.jpg,1
1053251332_46398cd8f2_o.jpg,1
10533690745_7f4e064551_o.jpg,0
1053505443_a668df9418_o.jpg,0
10536134703_c99566d844_o.jpg,0
10541327575_a5544ff32f_o.jpg,0
10541407764_10cbbaf7d6_o.jpg,1
10541412414_e3f34f6242_o.jpg,1
1054325371_3fb756cd9a_o.jpg,0
10546928426_c44c9e21a2_o.jpg,0
105576566_bde4a309cf_o.jpg,0
10563982985_0dbfa7607a_o.jpg,0
105665854_73ee09ebde_o.jpg,1
105683669_2263d2d9d9_o.jpg,1
10569828094_9ac2512e5a_o.jpg,0
10573420055_b85e5e7462_o.jpg,1
10573833204_5f635f7e26_o.jpg,0
10574216954_4e11cf3150_o.jpg,0
10574258705_dd5d464c15_o.jpg,0
10574448643_39edd3b869_o.jpg,0
10575512456_be9513dfb0_o.jpg,0
10575847524_c54e0916b1_o.jpg,0
10576688234_f176b7ecf5_o.jpg,0
10576700306_26060edea9_o.jpg,1
10577019724_b6e239e4b6_o.jpg,0
10577327634_24e25463f1_o.jpg,1
10581910556_480780314b_o.jpg,0
10582635105_caf22be283_o.jpg,1
1058690469_ef98c22272_o.jpg,0
10591045515_e9ea6558a1_o.jpg,1
10598475545_f4cacd8dc1_o.jpg,0
10598500585_1890478a55_o.jpg,0
10599043596_943b329048_o.jpg,0
10600665224_a61ee4b948_o.jpg,0
10601070236_f3aef3f04e_o.jpg,0
10601451265_94dff4d6f6_o.jpg,0
10601457236_366c18dc53_o.jpg,0
10603149454_ac13229978_o.jpg,0
10605837685_f4103414e3_o.jpg,1
10611811146_8cc734141b_o.jpg,0
10612877793_9317ae898d_o.jpg,1
10614419064_6943e02e18_o.jpg,0
10615246903_7c3b95267b_o.jpg,0
10616783223_1a6ae483f1_o.jpg,0
10621049605_c91d0277bd_o.jpg,0
10621089826_b7142840af_o.jpg,0
10621093846_24e86c8a27_o.jpg,0
10621094066_95216f30d4_o.jpg,0
10621094476_a98fdd17f9_o.jpg,0
10621104836_db6d928458_o.jpg,0
10621333203_ca65f36274_o.jpg,0
10629753503_94a666eddb_o.jpg,0
10637791606_5fa5343f89_o.jpg,0
10637893875_90c65c3c11_o.jpg,1
10637961674_3fb51d6c43_o.jpg,0
10638211243_55e9cd40d0_o.jpg,0
106442036_2cca903004_o.jpg,1
10647809615_f65591dc13_o.jpg,0
1064795720_515eb52464_o.jpg,0
10648062643_cc702fce9f_o.jpg,0
10649396384_7edddfd7ee_o.jpg,0
106531006_2ca4240b1d_o.jpg,0
10654047603_347e073020_o.jpg,0
10655593_947ff0ae8e_o.jpg,0
10655892114_2793e84251_o.jpg,1
10661423985_c75f6b96a3_o.jpg,0
10661444416_ba2d6fbfb6_o.jpg,0
10668289243_4d4b042046_o.jpg,0
1067025637_f49c50ccee_o.jpg,0
10672105296_34b40060af_o.jpg,0
10673442745_596a6831dc_o.jpg,0
10674451633_da9e08661b_o.jpg,1
10688644846_6a3a028db5_o.jpg,1
106907976_44576d8535_o.jpg,0
10690883_1e0e251802_o.jpg,0
10693041084_314a54569b_o.jpg,1
10693524395_48eddd6695_o.jpg,0
10696995284_1decded1f7_o.jpg,1
10700042835_7be0260433_o.jpg,1
10700060546_515e1f34e7_o.jpg,0
10707372105_50afd93182_o.jpg,1
10707404615_c1059a087f_o.jpg,0
10708078383_fa6f08bbba_o.jpg,0
10714314485_6735816747_o.jpg,0
10714388626_e1c1a51528_o.jpg,0
10714681853_b4f546ed95_o.jpg,0
10715275124_e4ba14d6e1_o.jpg,0
10715969175_670776c99d_o.jpg,0
10718882784_8b4032a618_o.jpg,1
107217401_a9cff01e40_o.jpg,0
10722243516_5420d249f8_o.jpg,0
107238684_35303e7305_o.jpg,0
107238688_1afe04c1bc_o.jpg,0
107288044_8b16d12de1_o.jpg,0
10729232943_5b3951fa80_o.jpg,1
10730700235_07f10d78e5_o.jpg,0
10730702585_9749b57c65_o.jpg,1
10738169833_e6bfe273ab_o.jpg,0
107386083_b7905062b0_o.jpg,1
10744610623_6c3aa0ec36_o.jpg,1
10744757636_7cb292bb90_o.jpg,0
10748117704_9d907ac2e1_o.jpg,1
10752701534_16bf17a51b_o.jpg,0
10753133503_9159b04f9c_o.jpg,0
10755595_08feda413b_o.jpg,0
10755687843_82e9a6c03e_o.jpg,0
10755868094_851581cb52_o.jpg,1
10757594776_5c179697f0_o.jpg,0
10760609493_560a2b2d6d_o.jpg,0
10764088785_8dbe7c4e8b_o.jpg,1
10766633385_f00964d71a_o.jpg,1
10767844126_5cd483f8f6_o.jpg,0
10768736274_f8bc3ff9ca_o.jpg,0
10768741284_6bf1b740d5_o.jpg,0
10768908193_08cc4edf0b_o.jpg,0
10772395843_ee6131b186_o.jpg,0
10772400223_833e6efb22_o.jpg,0
1077266917_2c7cf4f328_o.jpg,0
10773060673_1a41c3382d_o.jpg,0
107815477_abe61cf7be_o.jpg,1
10783105686_abf97d7f26_o.jpg,1
10784423855_42d27cba38_o.jpg,1
10784541244_d2859ed484_o.jpg,0
10784665913_e35f59ee11_o.jpg,0
10788311786_f60a3f1cfe_o.jpg,1
10789137296_16225d6212_o.jpg,0
10789546876_62fb2ffc33_o.jpg,0
10791855924_3bc9f41e98_o.jpg,0
10795001404_31b9092b57_o.jpg,0
10795003244_61fd21b1cc_o.jpg,1
10795112293_4089f974a3_o.jpg,0
10795113333_2db66cd175_o.jpg,0
10797974825_1f765679a3_o.jpg,0
10800766263_98ff79dba9_o.jpg,0
10802471714_dba76533ba_o.jpg,0
10803864095_bd645d0c72_o.jpg,0
10805497835_8b81b48d01_o.jpg,0
10808451376_29a6e888af_o.jpg,1
10808603093_4d6ec1b0e7_o.jpg,0
10811280276_2ecc7934eb_o.jpg,1
10811322563_1f6d931548_o.jpg,0
10811717495_7a8130a38d_o.jpg,0
10814775785_c56c293cd0_o.jpg,0
10827996205_297b2cd353_o.jpg,1
10838167096_462380edf4_o.jpg,0
10841790823_37a2b392da_o.jpg,0
10847131966_e820b95581_o.jpg,0
10848263004_91020969b1_o.jpg,1
10850405854_2cafb84d1c_o.jpg,1
10850440395_40f220cd34_o.jpg,0
1085175720_341c10b0f1_o.jpg,0
10858594065_2dcb3a52b5_o.jpg,0
10858595985_10e145e4f2_o.jpg,0
1086934225_3c02e3b2b8_o.jpg,1
1086954857_cac432f76a_o.jpg,1
1086999633_87c8303831_o.jpg,0
1087030353_934b997fb8_o.jpg,0
108714988_ff8b4ea9a4_o.jpg,0
10871904375_af3e202632_o.jpg,1
108747630_a88cf5c75d_o.jpg,0
10878137924_f878cd5f22_o.jpg,0
1087825886_5b1dbbd4b7_o.jpg,1
10878469086_9ebebfae76_o.jpg,0
10878510996_f932a9be5f_o.jpg,0
1087905278_eef52c225b_o.jpg,0
10886351733_0a83ac8f5d_o.jpg,0
10890577735_74691a48ba_o.jpg,1
10891567055_82dc59f8a3_o.jpg,1
10892315585_e8b106da30_o.jpg,0
10892612353_f7869531bb_o.jpg,0
10893255896_bd985669c2_o.jpg,1
10893525003_9b79b2b3c0_o.jpg,0
1089567053_f92d44bed2_o.jpg,0
10896889486_64d6e6ca26_o.jpg,0
10904274225_01ccd4f0fc_o.jpg,1
1090764063_e578dad146_o.jpg,0
1090793661_1f204e5d20_o.jpg,1
10908257453_a5e6948ff8_o.jpg,0
10908995_98f7781856_o.jpg,0
10910535595_f9c083e90f_o.jpg,1
10910665445_84589d8c57_o.jpg,0
10911379186_86ab7dc4e0_o.jpg,1
10913035046_f82005cb0d_o.jpg,1
10913325923_d99c2fa6dd_o.jpg,0
10916444443_cbaab0682e_o.jpg,1
109190624_44462c1199_o.jpg,0
109206952_c69980899d_o.jpg,1
109206958_a9b34620f7_o.jpg,0
109240951_f7f5752c56_o.jpg,0
109276080_d42fa7fc8d_o.jpg,0
109276083_d1207f2ab3_o.jpg,0
10928957486_0df44da9e3_o.jpg,0
109311053_c8b947e2fb_o.jpg,0
10932900653_46b4a75d81_o.jpg,0
10936912253_823a00c274_o.jpg,0
10945808593_6b177c575a_o.jpg,1
10949645096_8b61113844_o.jpg,1
10949691845_b758863056_o.jpg,1
10953756_f432f5d6fc_o.jpg,0
10960006143_71b55b317c_o.jpg,0
10960154236_17622bbf8b_o.jpg,0
10960674205_53e2f29ab3_o.jpg,1
10966619775_fe9398c20d_o.jpg,1
1096671263_9fe16dee0d_o.jpg,0
10966991695_958abe14ff_o.jpg,0
1096723520_6194c29b23_o.jpg,1
10967273744_62d3d175fe_o.jpg,1
1096835980_a568c8e24a_o.jpg,1
10968558646_ae0ac69896_o.jpg,0
10971523864_41188efbe4_o.jpg,1
10972917545_903ccc989e_o.jpg,0
10972918195_c773a7097a_o.jpg,0
109733170_08e7d19e1d_o.jpg,0
109743482_f00b6af953_o.jpg,0
109743483_10c38948ee_o.jpg,0
10981884655_02d2875a04_o.jpg,0
10983036445_f5080ef053_o.jpg,0
10987454906_f74de8a58c_o.jpg,0
10993037875_4c395ae6f3_o.jpg,0
109940124_db13eed6ea_o.jpg,0
11008239556_7908f8f33a_o.jpg,0
11009862844_04cdd28695_o.jpg,0
1101364771_12627b3151_o.jpg,0
1101514039_9d4109d17b_o.jpg,1
11020766464_ae904a340e_o.jpg,0
11021547683_a0a27e2422_o.jpg,1
11023182974_70fd173968_o.jpg,0
11023322876_d5a53dd59c_o.jpg,0
11023699043_cb3f677dc0_o.jpg,1
11028250194_eb48e9c2a2_o.jpg,0
11028802763_b7cc4d44b2_o.jpg,0
11036752294_5e7e8e0ece_o.jpg,0
11036811173_7a94777662_o.jpg,1
11037243673_f378564c72_o.jpg,0
11038946_f53635d4c1_o.jpg,1
11040598704_5f077fc94c_o.jpg,0
11042495605_ffc7fcf2cd_o.jpg,1
11042671313_dce10d304e_o.jpg,0
11053273545_9787a3e2fa_o.jpg,1
11053318486_045be9c7a6_o.jpg,0
110573055_177b125c55_o.jpg,0
11062693465_bf8497716e_o.jpg,0
11062777566_83d2115c9e_o.jpg,0
11062803884_2896649956_o.jpg,0
11062835893_4c292f527a_o.jpg,0
11062863123_e6b26ed714_o.jpg,0
11074255154_235392ae55_o.jpg,0
1107477403_6b9ccfd4f7_o.jpg,0
1107600747_45a5ae0544_o.jpg,0
11080705556_e2b4bf51a3_o.jpg,0
1108425974_dff5acd8e6_o.jpg,1
11084601033_d31489dc8d_o.jpg,0
11092244745_c413e7d9ef_o.jpg,0
11092322395_752ef4ac86_o.jpg,0
11093826436_c58c42ac83_o.jpg,0
11094783106_885d472e15_o.jpg,1
1109722146_01776a31e9_o.jpg,0
11098243894_0ecfd5451e_o.jpg,0
11099155215_55cbfa2cd0_o.jpg,0
11100367053_d12b9d6219_o.jpg,0
11101015813_f11e7a5b0a_o.jpg,1
11101989343_935026df21_o.jpg,0
111049509_f428b996e0_o.jpg,1
111050413_5040fdb2ea_o.jpg,0
11108773995_c3c8cc4877_o.jpg,0
111092517_d7a37a7179_o.jpg,0
111149687_3fc2eab635_o.jpg,0
11118492414_7914c3b1aa_o.jpg,0
1111903252_37a389a559_o.jpg,0
111206770_66d481a22d_o.jpg,0
11120737215_0204576a3d_o.jpg,1
11120893936_92773719bb_o.jpg,0
1112660762_2a9591eb8f_o.jpg,0
11127128884_cfc99d36fa_o.jpg,1
11131587025_51790e0630_o.jpg,0
111380490_aa10412895_o.jpg,0
11139707785_e85bd8ea84_o.jpg,1
11142148743_cb34a98f20_o.jpg,1
11142475773_9f7f5db044_o.jpg,0
111430060_9261e56e33_o.jpg,1
11145886655_6257ac8f0c_o.jpg,1
1115087331_621fdb795e_o.jpg,0
11152861245_704dd3ca71_o.jpg,0
11153966075_3960bb7734_o.jpg,1
11158367675_213937ee39_o.jpg,1
11164188_70d6fc1d93_o.jpg,0
1116489949_92732a9eb5_o.jpg,0
111664639_6e7cb271fc_o.jpg,0
1117257149_d71b724f0c_o.jpg,0
1117257459_47717e73ab_o.jpg,1
1117257921_784c85494c_o.jpg,0
1117473299_a31acb7f06_o.jpg,0
1118094056_0b1066a090_o.jpg,0
1118335116_7b5033b66f_o.jpg,0
1118407901_8f24bcf59a_o.jpg,1
11184804426_86dc283692_o.jpg,0
11185038216_ef61e34007_o.jpg,0
11186760096_d02e034caa_o.jpg,0
11186864733_64e58a4c3c_o.jpg,0
11186865503_ee71d451fe_o.jpg,0
1118812846_c6932f3224_o.jpg,0
1118813976_8b5f3116e4_o.jpg,0
11188560523_647e3be579_o.jpg,0
11189369805_926d29610b_o.jpg,0
11194985996_c740af9165_o.jpg,0
11196696636_e695a36974_o.jpg,0
11200643744_65a9d25a28_o.jpg,0
11211942766_27f46b6665_o.jpg,0
11212937266_beb0860cc1_o.jpg,0
11216465585_5bf8abbcfe_o.jpg,0
11216726254_ec04d62ca2_o.jpg,0
11216865963_5259f2dcb1_o.jpg,0
11219758564_c666879411_o.jpg,0
11219882273_257af1472a_o.jpg,1
11219897263_f48c06b45f_o.jpg,1
112221872_0d844456d7_o.jpg,0
1122269539_b363e236e4_o.jpg,0
11225503506_78fe09b224_o.jpg,1
11225593235_5c85c52f1d_o.jpg,0
11225780655_513a07cb00_o.jpg,1
11228409034_0b72be4521_o.jpg,1
11228430826_80ab0285da_o.jpg,1
11228519753_0abb237b50_o.jpg,0
112334413_e6beeeecf4_o.jpg,0
11241708426_8ed6e8db24_o.jpg,1
11242360656_c02e26b3a4_o.jpg,1
11245834195_b6915fd799_o.jpg,0
11247631183_7fb9168f04_o.jpg,1
1124827531_293c4da2ea_o.jpg,0
1125105273_0a7501cd64_o.jpg,0
11251379203_23cd187340_o.jpg,1
1125894356_f984a67ede_o.jpg,0
11259581_71d39b2a04_o.jpg,0
11259760305_5a80e133d3_o.jpg,1
11262000596_9e767f672b_o.jpg,0
11269899665_ea4fc71a0d_o.jpg,1
11270001353_02ef6a9e95_o.jpg,0
11270364836_8d1182be97_o.jpg,0
11271485586_e13566cb3e_o.jpg,0
11271554975_3622ce9b9e_o.jpg,0
11271591816_564b418665_o.jpg,0
11271663484_3b2cd503c1_o.jpg,0
11271912944_8e3325238d_o.jpg,0
11275195003_13423e4f95_o.jpg,0
11275905675_f0bfc443a2_o.jpg,0
11276167295_e09374667c_o.jpg,0
11276754613_1e0ddf43be_o.jpg,1
11277642143_2652ee35c9_o.jpg,1
11279343605_b6b594fd80_o.jpg,1
11279569555_29c1ebda4c_o.jpg,0
11283708506_31b67751e4_o.jpg,0
11283735606_f93ba60096_o.jpg,0
11298335724_4d771f1be4_o.jpg,0
11298389304_e87f39fd5f_o.jpg,1
11298980016_6862a83c9b_o.jpg,0
1130578353_c7bb89c394_o.jpg,0
11312275045_a18fe96326_o.jpg,0
11312401544_6dcdb7b4c3_o.jpg,0
11314666505_c70cb971b2_o.jpg,0
11321356045_89e113ce0c_o.jpg,1
11321359245_40df34efd0_o.jpg,1
11321418446_9c5c07cdbe_o.jpg,1
11321422076_aa73e13dcc_o.jpg,1
11321444914_360915452d_o.jpg,0
11321501003_822ff725f4_o.jpg,1
11321674375_c1ce10350f_o.jpg,0
11324328064_0d2837cab2_o.jpg,1
11332687835_b4f4f07561_o.jpg,0
11339871443_ed1d843917_o.jpg,1
1134348190_699683127b_o.jpg,1
11344312044_ce35f935d9_o.jpg,0
11346411433_2f1e8a542b_o.jpg,0
113497807_242a25e5a2_o.jpg,0
113497808_221836fe02_o.jpg,0
11349954015_6c771e65bd_o.jpg,0
11358909914_5ba1fb2077_o.jpg,1
11361354695_81046ab86d_o.jpg,0
11363691206_178d786c70_o.jpg,0
11365663324_b86fba0063_o.jpg,1
11369021304_2201ea043b_o.jpg,0
113692274_16e7b5cd9b_o.jpg,0
11371663353_f8a7f5e96d_o.jpg,1
11372704646_352cf98d4d_o.jpg,0
11372950444_e7674d90f4_o.jpg,0
11373014673_ceccdee809_o.jpg,0
11373921854_3634fef5ce_o.jpg,0
113751771_45599530d9_o.jpg,0
113876687_d5d5a080af_o.jpg,0
11389174176_5e8d5f1c53_o.jpg,0
11389642896_bd0d80d182_o.jpg,0
11390056286_3bc83ee0e1_o.jpg,0
11390198093_78ae66b6ce_o.jpg,1
11390600973_6ff502ae20_o.jpg,1
11390821443_b7ce6fcea3_o.jpg,0
11390843253_dae56cafb8_o.jpg,0
11395221013_cc2ba7e62a_o.jpg,0
11403419655_42f111890f_o.jpg,0
11405870726_a40b95706b_o.jpg,1
11405887264_7bd9f89226_o.jpg,1
11409595543_ab2b28f26b_o.jpg,0
11411944775_ae72e4daae_o.jpg,0
11413330615_79d9831bc0_o.jpg,0
11416073863_1c6965d4c5_o.jpg,0
11419072836_ea77b476d3_o.jpg,0
11422073936_3a9c9dee95_o.jpg,0
1142217958_b01256d69f_o.jpg,0
11428742533_e605f6863b_o.jpg,0
114327912_a0cca2d24f_o.jpg,1
11440372856_4447b134e1_o.jpg,1
11440375676_fe1bee3fe6_o.jpg,0
11441776834_b7e573d639_o.jpg,1
1144354049_03c886bdff_o.jpg,0
11451911134_89a6a698e5_o.jpg,1
11451945584_c5372bf153_o.jpg,0
11451961934_03d6771a39_o.jpg,0
11452003914_c40d312035_o.jpg,0
11452017674_567aa35a7e_o.jpg,0
11452218246_33f3a446e2_o.jpg,1
11452993263_51cc1a518f_o.jpg,1
11461332_937c25447e_o.jpg,0
11464765054_a0461d16a1_o.jpg,0
11466755166_9788b43728_o.jpg,0
11468909253_a054b42759_o.jpg,1
114700651_cc7b24a0bd_o.jpg,0
11475733_5d7eed9ddc_o.jpg,0
11475735_f6ab8c89e6_o.jpg,1
11476496553_5d8decfbcd_o.jpg,1
11476540963_1f9448e6bf_o.jpg,1
11476541783_67043a33d4_o.jpg,1
11476547993_be45078a30_o.jpg,0
11477151_2b480e041c_o.jpg,0
11477702936_79dafa7e10_o.jpg,0
11477920755_f94e189e46_o.jpg,0
11478819323_c8868c4bd2_o.jpg,0
11483155273_c154f39538_o.jpg,0
11484504965_10f502fa93_o.jpg,0
11492430974_1c531744e9_o.jpg,0
11493195236_de30725c0a_o.jpg,0
11498358964_1f91a724d1_o.jpg,1
11503858556_fa2aa4e1cf_o.jpg,0
11503886603_550df9438f_o.jpg,0
11504331405_fbb251f520_o.jpg,0
1150981563_6491b49631_o.jpg,0
1151294779_1888bd7bbe_o.jpg,0
11520784393_902ab2d982_o.jpg,0
11521265854_d3aeb017fb_o.jpg,0
11521313163_e550ebbfff_o.jpg,0
11525855936_3c87b28b9e_o.jpg,0
11527312723_fe6f6033a3_o.jpg,1
11531115233_49e34441af_o.jpg,0
11533527616_9d47c521e9_o.jpg,0
11534103483_fb01d94271_o.jpg,0
11535120585_d3a287eeca_o.jpg,0
11549346526_67696c3e33_o.jpg,0
11553429214_d74fe9c8c9_o.jpg,1
11554576114_3e7dd4dc32_o.jpg,0
11555944654_6a8c052fd8_o.jpg,0
11555968585_de1613575a_o.jpg,0
11562509134_145fbae395_o.jpg,0
11563478315_b1401c2e24_o.jpg,0
11565993113_028ffe6c36_o.jpg,0
11566485046_3297ae0947_o.jpg,0
11568932356_e28a75c10f_o.jpg,0
11570899566_173183469f_o.jpg,0
11571755_fc6d0903e4_o.jpg,1
11573318153_b93cc03f52_o.jpg,0
11575515634_08460a7cdb_o.jpg,1
11576016334_28fe9c65e1_o.jpg,0
115794420_fde6abb4d5_o.jpg,1
115794423_314f3a177a_o.jpg,0
11584295715_1898615e03_o.jpg,0
115877237_ba4768e786_o.jpg,0
11587816614_a69cd70924_o.jpg,1
11588913585_d209a6dcc9_o.jpg,1
11592638903_6d87f903f4_o.jpg,1
11592876595_7a4cf0a4bd_o.jpg,0
11593191544_703e5754b2_o.jpg,1
115974206_bd2e3973a8_o.jpg,0
1160830974_903572ffd7_o.jpg,0
11610430436_07d292590a_o.jpg,0
11613148504_b6e9aaaaf1_o.jpg,0
11613547216_98b901d4c3_o.jpg,1
11614894636_c024636766_o.jpg,0
11615866794_ca9dc4b55a_o.jpg,0
11616128045_0706623902_o.jpg,0
11616336303_6e13f09211_o.jpg,1
11619198654_da69660c73_o.jpg,0
11622638894_fe33e5b4f2_o.jpg,0
11629422385_f618cda9c3_o.jpg,0
11629432155_3571d6475b_o.jpg,0
11630017684_d9f2e27bc7_o.jpg,1
11630178816_b3d0952cf1_o.jpg,0
1163117700_fd8e0913f3_o.jpg,0
11631616086_882c51c0ca_o.jpg,0
1163417955_53bee91396_o.jpg,0
11634771493_251b810805_o.jpg,0
11634808315_cf2025da6c_o.jpg,0
11635292335_ff34ea5b3a_o.jpg,1
11636017813_e71fa350f6_o.jpg,0
11637468375_6d7e902a52_o.jpg,0
11648938_c4bdb1214b_o.jpg,0
11650402635_d54effe8b4_o.jpg,0
11650798944_eb417938b4_o.jpg,0
1165468535_1c80c6998f_o.jpg,0
1165473587_109f119728_o.jpg,0
1165528008_76866d5e43_o.jpg,1
11657352034_5f6d3434a6_o.jpg,0
11659293366_08af008092_o.jpg,0
11669764663_05f34bd491_o.jpg,1
11674018535_f3ac041b35_o.jpg,0
11678735935_43c0bb1e96_o.jpg,1
1168193242_c413b10fd1_o.jpg,0
11682777_d421fb833d_o.jpg,0
11682972_6db7c20c47_o.jpg,1
11683316_161e9d5316_o.jpg,1
11683760_b26bd995bc_o.jpg,1
1169174076_e8ffe87553_o.jpg,0
11697904703_e9d2419937_o.jpg,0
1170735517_280cdc6039_o.jpg,0
11718906533_13dd93689c_o.jpg,0
11719861656_7f9b37caa2_o.jpg,1
11721447156_2cdc098dcc_o.jpg,0
11724227446_aa01761e1c_o.jpg,0
1172520961_1d51fef958_o.jpg,1
11729312236_f78b2d40fd_o.jpg,1
11729576686_6f2ffce347_o.jpg,0
11730449346_c52b348739_o.jpg,0
1174032501_49eec874ec_o.jpg,0
11742755236_487cc473cf_o.jpg,1
11748173865_c313e2378f_o.jpg,0
1174820220_0c8fc7cd8c_o.jpg,0
11748713934_d31ff35b42_o.jpg,1
1174889079_1f187c18f2_o.jpg,0
11749065256_dbc91dc46c_o.jpg,0
11751504705_838797fe24_o.jpg,0
11751883444_17529fc38d_o.jpg,0
117525474_21faa129b8_o.jpg,1
117533050_1582b271cb_o.jpg,1
11756955035_75b07d4e27_o.jpg,0
1175853667_71decba881_o.jpg,1
117616290_b481b1daa2_o.jpg,0
11766004236_63706068d2_o.jpg,0
11767558644_f2ea4354d0_o.jpg,0
1176923984_370b652c96_o.jpg,1
1176933383_e5e0b3dda5_o.jpg,0
1176964906_bb654a88de_o.jpg,0
11769948023_c3cd0a8113_o.jpg,1
11772753024_45cc205a0a_o.jpg,0
11779378866_ce3affb12b_o.jpg,0
1178022569_c9782bf325_o.jpg,0
1178022599_2878fd1d48_o.jpg,0
117873901_e0c3a0ebf8_o.jpg,0
117874010_3f970d9bfb_o.jpg,1
1178811768_eb8031bf57_o.jpg,0
1178811826_3401fb5cd0_o.jpg,0
11788276495_95a003081a_o.jpg,0
1178936506_9087a55c66_o.jpg,0
1178936538_7857235e03_o.jpg,0
1179526443_04d7444c10_o.jpg,0
117960938_468cb19481_o.jpg,0
117964172_112bb12fcc_o.jpg,1
11799687786_ccdbe49431_o.jpg,0
11808364595_92e43ee831_o.jpg,1
11808563205_8c14ddcca5_o.jpg,0
11808763854_9512b61b56_o.jpg,0
11816320406_af67fe2bcd_o.jpg,0
118218063_560d2620c3_o.jpg,0
11826857305_c497802b35_o.jpg,0
118303455_6c99fae01d_o.jpg,0
1183413015_5d4acfe15f_o.jpg,0
11834271394_179c73ea30_o.jpg,0
1183640752_a37dee3bfd_o.jpg,0
11838195684_05231d3478_o.jpg,0
11839572486_6ccb99900f_o.jpg,0
1184030959_44b40b69a1_o.jpg,0
11840528573_1c812061b4_o.jpg,1
11841462925_2c6e7fd2e3_o.jpg,0
11846159914_ff3aff0311_o.jpg,0
11849066926_7b588fdf61_o.jpg,1
1185027758_eeaa4c63d7_o.jpg,0
11850797845_6ca9ca99b2_o.jpg,0
11851077553_337e7d60e4_o.jpg,1
11852154706_ceaa6672be_o.jpg,1
118556183_a38f42420b_o.jpg,1
11857594875_d1629f0406_o.jpg,0
11858599_ae9fed897d_o.jpg,1
11859334625_c809f8194e_o.jpg,0
11865501813_2cb44df97f_o.jpg,1
11869748863_7d4bb6bdae_o.jpg,0
11880049664_9e1e4039ba_o.jpg,0
11880437056_be44d5eb8c_o.jpg,0
118814001_b7eea25467_o.jpg,0
11883323795_1bfdcf6826_o.jpg,1
11884862404_9ce146d0c0_o.jpg,0
11885757213_72e110dbe0_o.jpg,1
11886007105_d892c0e070_o.jpg,1
1188783605_50c9acf4c1_o.jpg,0
11891429213_3a07347834_o.jpg,0
11900942756_445939f5dd_o.jpg,0
11909354583_3200be8d83_o.jpg,0
11909398583_cdc45bb708_o.jpg,0
11909746683_73c272b51e_o.jpg,0
11914523483_ff62e735d2_o.jpg,0
11918453695_dc135a9fa3_o.jpg,1
11918967625_b765351066_o.jpg,0
11923517026_906670a395_o.jpg,0
11934043753_b2645de1a9_o.jpg,0
11934424623_e816fa2154_o.jpg,0
119349226_73850262b6_o.jpg,0
11939560806_eea4a986cb_o.jpg,1
11941294215_df11f8bfeb_o.jpg,0
11947033423_31a8921909_o.jpg,0
11949160614_07436355be_o.jpg,0
119514526_e9de3bbf32_o.jpg,1
119535364_55c93efdf0_o.jpg,0
1195566219_636b01920c_o.jpg,0
1195574979_d63e02c318_o.jpg,1
1195596989_0698eba3a6_o.jpg,0
1195653047_9338007500_o.jpg,0
1195699459_e13b3ebc3f_o.jpg,1
11958315576_7b40ce1af9_o.jpg,0
11958427416_6eedfce23e_o.jpg,1
11963606424_93e29af5dd_o.jpg,0
1196426798_94a6cbe48c_o.jpg,0
1196913036_a3adc72fca_o.jpg,0
11973653454_b3c6402bcc_o.jpg,0
11974390466_9791153f40_o.jpg,0
1197879161_51ffe1efb4_o.jpg,0
1198742820_0dd5c318ca_o.jpg,0
119887305_0b662e01a6_o.jpg,0
1198907275_c32e46f488_o.jpg,0
11994392853_e57ca488dd_o.jpg,0
11997478913_623525944e_o.jpg,0
11998502_d7e9d6445d_o.jpg,0
11998676_64ecddcb9c_o.jpg,0
11998820_37593c743b_o.jpg,0
12000915986_f4752b2f9b_o.jpg,0
1200207744_72f3b27b3f_o.jpg,0
12002569984_6451d5b16b_o.jpg,0
12004795685_79cdffc82e_o.jpg,0
12012297585_09e1a4c199_o.jpg,0
12013536373_c7f39fb392_o.jpg,0
1201360_1f57042951_o.jpg,0
12016664156_4899bf1af9_o.jpg,0
12017938606_7a71590ec0_o.jpg,0
12018793405_b862589e4e_o.jpg,1
120213579_3057575a38_o.jpg,0
120215628_afc00668fb_o.jpg,0
12023725083_338d660330_o.jpg,1
12023847916_97093dcc56_o.jpg,0
12029010323_e32f31931d_o.jpg,0
12030396575_28b0c0b5a7_o.jpg,1
12038796823_d3e818d6cd_o.jpg,0
12038888484_4bafca9db6_o.jpg,0
12041591226_5be92bbba0_o.jpg,1
12041793334_426032c8f2_o.jpg,0
120423606_fe0ac396b0_o.jpg,1
12048027345_354c023844_o.jpg,0
12050944295_159367bdf2_o.jpg,0
12051803276_d193a7c4e3_o.jpg,0
12055059236_ab84c44ac3_o.jpg,1
12055095676_bf5fd50ea2_o.jpg,0
12055108094_7fc160c008_o.jpg,0
12061346716_84480eae5f_o.jpg,0
120643355_f9309a7a8d_o.jpg,0
12065542554_6b4244d6b9_o.jpg,0
12069210656_bc2364387f_o.jpg,1
12078682886_d1009cc5f6_o.jpg,0
12080712885_78b8cf607b_o.jpg,0
12081125784_d13f17ec2b_o.jpg,0
1208504141_027017878c_o.jpg,0
12085723095_7a9bae1889_o.jpg,0
12088469884_12d98a8052_o.jpg,0
12091663375_a7f4bec5c6_o.jpg,0
12093418533_84b2cc4f87_o.jpg,0
1209390362_ce9675334c_o.jpg,0
12096433475_6359c097ab_o.jpg,0
12096893005_2e4c857622_o.jpg,0
12101184956_376f85cbfc_o.jpg,0
12106551564_43f5f737d8_o.jpg,1
12109552436_4c02d3dc24_o.jpg,0
12115012003_3130abbfb2_o.jpg,1
12115351773_aee2c0eea4_o.jpg,0
1211745623_e857af681e_o.jpg,1
1211747737_173deb2116_o.jpg,0
1211767097_32af6f730d_o.jpg,0
12120010643_d51f2b07f9_o.jpg,1
12120040076_abddf93002_o.jpg,0
1212390856_d1ffc68598_o.jpg,1
12126915165_82733ea4e8_o.jpg,1
12128275953_d2393203fc_o.jpg,0
12128606474_f5cf48b451_o.jpg,0
121306022_964d0f4c03_o.jpg,0
12133200404_b166141412_o.jpg,0
12134713276_41463316f6_o.jpg,0
12137149013_d8b5ef9b00_o.jpg,0
12137153033_fda3d5fef5_o.jpg,0
12138758096_3e534caac4_o.jpg,1
12138803673_09dc80ab8a_o.jpg,1
12139113773_6d65590d0d_o.jpg,0
121428736_f2ce34e772_o.jpg,0
12144595823_f1bb0e31ea_o.jpg,0
121486547_e290037b3f_o.jpg,0
12150875003_9c22a0fe46_o.jpg,0
12150900045_6436d22f9a_o.jpg,0
12151357014_b941228a11_o.jpg,0
12155951976_2c2227690b_o.jpg,0
1215903967_ec86fa6000_o.jpg,1
12160682424_4491251677_o.jpg,0
12166122646_9dee19ee04_o.jpg,0
12166390_b5067275e9_o.jpg,0
12166866794_7eb66fe715_o.jpg,0
12166870594_2d15d14049_o.jpg,0
121669467_3dbed97f18_o.jpg,1
121670263_f70314fa92_o.jpg,0
12170472986_4edb111835_o.jpg,1
1218220360_610d7b49ee_o.jpg,0
12189591175_32971325f6_o.jpg,0
12190312726_a4bd463b33_o.jpg,0
1219103318_961b642514_o.jpg,0
12191230975_fd9ea1a01a_o.jpg,0
12196506564_03ac173b79_o.jpg,1
121985505_578893ae4d_o.jpg,0
12198794624_c02c68350e_o.jpg,1
12206251196_b65f0bcf9a_o.jpg,0
12212004585_374d6e31d4_o.jpg,0
12212072325_2c12199e23_o.jpg,0
12212079723_5f591d9f3d_o.jpg,0
12212276073_c69db62c4a_o.jpg,0
12212296194_4436cd076e_o.jpg,0
12212536586_cceb5ab30c_o.jpg,1
12212543656_a6c5535037_o.jpg,0
12212560316_88e5e3b4ef_o.jpg,1
12212601966_27aeaca4f0_o.jpg,0
12212615556_5554d01648_o.jpg,0
12212738836_7ea23202d2_o.jpg,0
12212953104_b019bfa0d4_o.jpg,0
12215289064_ea696b8034_o.jpg,0
12218097103_b73836c40e_o.jpg,0
12218487706_2eb0cd6af5_o.jpg,0
12218869115_cea48e22e5_o.jpg,0
1222480606_2b1c4a44fc_o.jpg,0
1222485492_fdc3bd9a83_o.jpg,0
12228708715_b454583d74_o.jpg,1
12229285386_263f2e873a_o.jpg,0
12229880835_3e92a89da8_o.jpg,0
1223024_590b1dcf81_o.jpg,1
12231023135_21719b5d0b_o.jpg,0
12231810204_6a0bcc889e_o.jpg,0
12233033034_db03a4ab98_o.jpg,0
12234316243_652170e386_o.jpg,0
12236143146_fda4677e82_o.jpg,1
12239611116_e3e5d2f06c_o.jpg,0
12241418374_6f712aa2f9_o.jpg,0
1224381574_c26d1d1861_o.jpg,0
12244538005_9292567e64_o.jpg,1
12246128186_7e8fdd3766_o.jpg,0
12252346386_6e25436c46_o.jpg,0
12253740364_13014e513c_o.jpg,1
12257032405_a1f86b2fc4_o.jpg,0
12257116203_d42d0cbe2e_o.jpg,0
12257714783_60de75c8db_o.jpg,1
12258082183_8bf72a6080_o.jpg,1
12262679973_b28f9ababd_o.jpg,0
12266506476_24aa1580c4_o.jpg,0
12269461193_5fe54718c0_o.jpg,0
12269879696_60414a0bba_o.jpg,1
12275870095_468f176e51_o.jpg,0
12286789396_81af20820c_o.jpg,1
12286791946_e14d7b9b69_o.jpg,0
12288100926_b5ea8e6875_o.jpg,1
12296347765_3e619a9619_o.jpg,1
12297210705_249cc0fe3e_o.jpg,0
12297819643_d8d3a2dc39_o.jpg,1
12299630035_cbce52a527_o.jpg,0
123020172_093c8b4ba5_o.jpg,0
12302421024_8b4b2dc8ca_o.jpg,0
12304017486_095e2b13c6_o.jpg,1
12306420704_4111919113_o.jpg,0
12307723904_ace23c2992_o.jpg,1
1230875979_7d79557194_o.jpg,1
123112077_eb473a16ac_o.jpg,1
12313237674_1fa2c4740d_o.jpg,0
12319528683_e470e30cff_o.jpg,1
12322414815_4f9fec83e2_o.jpg,1
12323492574_d48da42289_o.jpg,1
12324304045_01f498e619_o.jpg,0
123257012_48611dd332_o.jpg,1
12330307534_8481a947f2_o.jpg,1
123347287_3f0929401e_o.jpg,0
1233895203_6a76480431_o.jpg,0
1233927939_ca2a95ead8_o.jpg,1
1234689845_c43923290a_o.jpg,0
1235220109_d53508ff6e_o.jpg,0
12355209243_39ceccff8e_o.jpg,1
1236753635_619e23bedb_o.jpg,0
12368208305_b5085f5de5_o.jpg,0
12368217375_d68f4aec8f_o.jpg,0
12369280634_105514fa54_o.jpg,1
1238393853_a536d72b88_o.jpg,0
12385895884_08e13d5295_o.jpg,0
12386408905_8295633c6e_o.jpg,0
1238769223_f9190af6ae_o.jpg,0
1238814657_5eef226477_o.jpg,0
123900566_9ab5c2d368_o.jpg,1
12390119474_7c8b14b8f2_o.jpg,0
12392108433_617cb71757_o.jpg,0
1239223286_ea2d07a388_o.jpg,0
12393716194_927507acc7_o.jpg,0
12396184103_06af7617a2_o.jpg,1
1239635520_da4368413e_o.jpg,0
1239645986_273c776cc0_o.jpg,1
12396489844_90c8123b48_o.jpg,0
1239651490_20022eb5c7_o.jpg,1
1239661304_02392a1696_o.jpg,0
1239671320_a4eb211a37_o.jpg,0
1239795879_376a484329_o.jpg,1
12398301393_68c5665998_o.jpg,0
12399010424_3ae623a774_o.jpg,0
12399576713_e3bd18bda3_o.jpg,0
12399583153_11480578bd_o.jpg,1
12399837324_3aefba2e4e_o.jpg,1
12400108243_29dbe324b5_o.jpg,0
1240320064_7ad8a42a5a_o.jpg,0
12412134025_bf378918e2_o.jpg,1
12412624114_c87499de50_o.jpg,1
124130_415618542b_o.jpg,0
12414505155_4b7bb2c1e1_o.jpg,1
12414511105_36ec488c72_o.jpg,0
12420050243_e49be2a426_o.jpg,1
1242631744_5ea58799d8_o.jpg,0
1242688457_7f514a51a3_o.jpg,0
1242735648_8a612e3c5e_o.jpg,0
124280107_9f2fefe0a2_o.jpg,0
12428194035_a4922fda2d_o.jpg,0
12428623865_0cb856c752_o.jpg,0
1243166772_082f252d37_o.jpg,0
12433309923_7b6501f9ea_o.jpg,1
1243746285_4c7b224cbb_o.jpg,0
124377903_8d2463be2d_o.jpg,0
12439133653_f5c368602c_o.jpg,0
12443439293_16c39671a3_o.jpg,1
12447966624_2da45213a6_o.jpg,0
12451374635_fd5e0c82a9_o.jpg,0
12451765613_8c6837d3c6_o.jpg,1
12455909553_7d6a2f4338_o.jpg,0
12457428554_449cdd4b97_o.jpg,0
12463472_afa158134a_o.jpg,1
12463972774_c16a50b99e_o.jpg,0
1246571091_00d9c83aa9_o.jpg,0
1246610603_79e0865fac_o.jpg,1
12467621405_390c76819c_o.jpg,1
12468532325_4f03b1127c_o.jpg,0
12471101843_bcd343d0f7_o.jpg,0
12471269003_005c7451b6_o.jpg,1
1247418846_4c4279c653_o.jpg,0
12474423275_131f9ea9fa_o.jpg,0
1247848854_04194c4db6_o.jpg,0
12484599644_bb777bcbfb_o.jpg,0
12487003705_4aec96f580_o.jpg,0
124895069_ae69bd2fec_o.jpg,1
124903255_ac04676625_o.jpg,0
12490661925_426e563c0a_o.jpg,0
12492237104_521c7ac9df_o.jpg,1
12501059643_a05238b2c9_o.jpg,0
12507564664_257f0309a1_o.jpg,0
12508189423_33e6f0e003_o.jpg,1
1251028364_7ebdb51b51_o.jpg,0
1251083565_cb32b07dd0_o.jpg,0
12512038814_d67818f4fc_o.jpg,1
12512046014_1092987a45_o.jpg,1
12514006073_8ac46d0457_o.jpg,0
1251943080_fdafca6cab_o.jpg,0
12520196774_fa574ec0b1_o.jpg,1
12520239634_e53195baf3_o.jpg,0
12521978865_dd8e89d0a2_o.jpg,0
12526786123_5f78cb25cc_o.jpg,0
12528034065_2e58d06f71_o.jpg,1
12528284003_3421b80a00_o.jpg,0
12530197184_9267c31904_o.jpg,1
1253147561_d974f34a50_o.jpg,0
1253154991_2c7fff2418_o.jpg,1
125392687_6976dfb798_o.jpg,1
12541834765_b26fce6827_o.jpg,0
12541859035_9a34949526_o.jpg,0
12542063_06dcde6bd6_o.jpg,0
12543967944_e8cb12535a_o.jpg,0
1254562087_a6dba07105_o.jpg,0
12546921534_51cb49b64b_o.jpg,0
12546922644_e1e65802e0_o.jpg,0
12547562333_13e61ac0af_o.jpg,0
12547886075_46dec4fba8_o.jpg,0
12549161754_3fcb054722_o.jpg,0
12549927834_865e01a730_o.jpg,1
12552563474_aa37308b2a_o.jpg,0
12562178023_1298743e06_o.jpg,1
125697379_6a9c379fc9_o.jpg,1
12573885575_062463c382_o.jpg,0
1258909584_b03a241f91_o.jpg,0
12589289413_fbb977b45b_o.jpg,0
12592682905_c4d7ab0a55_o.jpg,0
12595560685_ddc8abfa3b_o.jpg,0
12601282243_66b5a37d3d_o.jpg,0
1260131_7a23f88425_o.jpg,1
1260878806_45c9ec3155_o.jpg,1
12613524205_b36bc56fc1_o.jpg,0
12613936584_0c761b7927_o.jpg,1
1261482205_6a99de3538_o.jpg,0
12614847544_7823fb2ce1_o.jpg,0
12615403_39b7ebefd3_o.jpg,0
1261767912_7dab4f9b4a_o.jpg,0
12623505205_57782cd080_o.jpg,1
12623547093_02d3fd4d59_o.jpg,1
12623702253_15a556cc2b_o.jpg,1
12624009574_ca7e2c16f9_o.jpg,0
12624969365_40c0313172_o.jpg,0
12641363443_445e9f0953_o.jpg,0
12643066855_100af570f1_o.jpg,0
12644364055_04efdf6c98_o.jpg,1
12644518564_85a1af4629_o.jpg,0
1265076761_870d02219f_o.jpg,1
126509613_1de33fb063_o.jpg,0
126585232_2a76d5869e_o.jpg,0
126625880_5ff002a060_o.jpg,1
126634296_0b7d387d84_o.jpg,1
12669355424_f7ccf7850c_o.jpg,0
12676425043_ff67e4a7aa_o.jpg,0
12678186924_d0764bab19_o.jpg,1
12678274974_9f0260f7fa_o.jpg,0
1268262857_c21d31325e_o.jpg,0
12684598234_0e34373d92_o.jpg,0
12685139734_8965dd1f10_o.jpg,0
126884335_8eb958ccc3_o.jpg,0
1268910776_d0cc252ec0_o.jpg,0
1269252660_0a3a985a2d_o.jpg,0
1269320581_ea785fb198_o.jpg,0
1269672654_c7f94fadc4_o.jpg,0
12696967525_67f3db4f23_o.jpg,1
12697250883_efbd85c814_o.jpg,1
12697887024_0da75ec3ae_o.jpg,0
12697902464_aee9c4e8d8_o.jpg,1
1270084722_aa319d6045_o.jpg,0
1270174738_80987e8820_o.jpg,0
127017714_700b968665_o.jpg,1
127018311_3122c0850c_o.jpg,0
12702655574_87d0bf3e98_o.jpg,0
12702658983_b7180ea2c9_o.jpg,0
12702778184_2fd48012a3_o.jpg,0
12704436815_4189e9f5a1_o.jpg,1
1270451001_dd2ed66f0b_o.jpg,0
12704793513_ce2ebf2400_o.jpg,0
12705980285_ca03eda95d_o.jpg,0
12709790703_93c3b83b30_o.jpg,0
12714839475_6fed8324fa_o.jpg,0
12715068763_89411190c6_o.jpg,0
1271622269_3c1c1471fa_o.jpg,1
12718473634_482bb1a71f_o.jpg,0
12718568644_7c60b3b6f6_o.jpg,1
12727927055_8e43c5dd87_o.jpg,0
12729246815_970a677caa_o.jpg,1
12733402344_6606f7a889_o.jpg,1
12742386214_ed75947fbb_o.jpg,0
12744586483_70337374b6_o.jpg,0
12750874804_e8d33d08d5_o.jpg,1
12750894184_b99d3352d9_o.jpg,1
12752929865_f37b3a8998_o.jpg,1
12752941193_a9f29ecce8_o.jpg,0
12753154854_eff3230691_o.jpg,0
12754303323_dcd3916354_o.jpg,0
1275657480_78499853e0_o.jpg,0
1275759896_b246bb7450_o.jpg,0
12759410725_08da7333cd_o.jpg,0
12760773543_46487ae0ee_o.jpg,0
12760907723_59fb5cb13b_o.jpg,1
12761066204_9a2ea0aebb_o.jpg,1
12767688484_f88f603f37_o.jpg,1
12770459225_7c34f66038_o.jpg,0
12774349743_435c065ed3_o.jpg,1
12776009625_9552819963_o.jpg,0
12776452384_e1b0cf97f8_o.jpg,1
127787967_381247e0d6_o.jpg,0
12781208314_bee2d91d2a_o.jpg,0
12788709294_a10429553e_o.jpg,1
1279255541_1582dea320_o.jpg,0
12802441225_20d4deb5d1_o.jpg,1
12811267304_142c1c823e_o.jpg,0
128161072_83e425f7cf_o.jpg,1
12816952503_052bb0c402_o.jpg,1
12818520254_e873521f9e_o.jpg,1
1281934128_201c007b67_o.jpg,0
1282360223_d4f31d241b_o.jpg,0
12824221674_36744b8b87_o.jpg,0
12828576_15ae8c0728_o.jpg,0
1283004358_2c7f938cf8_o.jpg,0
12833743734_268c7aa92f_o.jpg,1
12838165774_1a2fbfd295_o.jpg,0
12848596_ec61eb0d3b_o.jpg,0
12852094873_f6187692aa_o.jpg,0
12852414854_5a50aeebaf_o.jpg,0
12857632074_4367ab78eb_o.jpg,0
12858964545_2e75eb66dc_o.jpg,0
12861384373_a2b983b001_o.jpg,1
12862004014_08ac53990e_o.jpg,0
12863216635_5b1d45a0fc_o.jpg,0
12863597384_fa2cb05547_o.jpg,0
12864048473_ef251dbfba_o.jpg,0
128655553_ef9ffc3de2_o.jpg,0
12865930544_7f88d7be15_o.jpg,0
1287126162_85bd68fe62_o.jpg,1
12877781744_df247b4ab7_o.jpg,0
12878822454_2cc0232922_o.jpg,1
12881607914_02a08cdec2_o.jpg,0
12881817033_73fc79e3fa_o.jpg,0
1288358016_87ea5c97e0_o.jpg,1
12884542765_e3d06b35a8_o.jpg,1
1289090994_25715a373d_o.jpg,1
12892446355_2313c4b253_o.jpg,0
12892868184_c660782f62_o.jpg,0
12892992553_6ac85c3055_o.jpg,0
1289526323_4baed5ec74_o.jpg,0
1289651_691999f395_o.jpg,0
1290595550_967f932fd9_o.jpg,0
1290990176_f6d39d8170_o.jpg,1
12915841663_d063360647_o.jpg,0
12919846463_ea7742aed7_o.jpg,0
12926420893_efec4d2af0_o.jpg,1
12927030803_906ce1d134_o.jpg,1
12927811834_bf05605fa7_o.jpg,1
12928073_1ace666182_o.jpg,0
12934091084_5c9242b596_o.jpg,0
12934194565_44a3b2f252_o.jpg,0
129365020_b18eabe826_o.jpg,0
129365882_c0c1dc28a5_o.jpg,1
12938888853_e3cb493de1_o.jpg,0
12939191444_10e43b4288_o.jpg,0
12939296115_4807660a85_o.jpg,1
12940630253_e49bca6edd_o.jpg,0
12941611613_f7d9de01e8_o.jpg,0
12941911154_ccdd734135_o.jpg,0
12942408495_08bddd9ff2_o.jpg,1
12946415675_d1da3ec803_o.jpg,1
12946601295_a97a5c5d55_o.jpg,0
12947712923_2c4f6b81b4_o.jpg,0
129523269_27d7a68545_o.jpg,0
129617778_7406d762eb_o.jpg,0
12963456335_00b093cda7_o.jpg,0
12969057963_f9cca55edc_o.jpg,1
12969321464_3078658dd1_o.jpg,0
12972052983_94f80af8fa_o.jpg,0
12977486523_b308fd4f6a_o.jpg,0
12980910125_50592570a7_o.jpg,0
12981329574_aa8fb57579_o.jpg,1
12985380533_fa97fced29_o.jpg,0
12985497064_d64ffbfde1_o.jpg,0
129899674_98129e9597_o.jpg,0
12997543863_5ed125b731_o.jpg,0
12997580533_83e68c6082_o.jpg,0
12997762874_67950bbf0c_o.jpg,0
12998254855_d9cb1b8090_o.jpg,1
13000407793_f8f318f64b_o.jpg,0
13005232343_039d199f55_o.jpg,0
13010236584_b6c6205592_o.jpg,0
13010953723_5392105f12_o.jpg,0
13011440835_214492c44b_o.jpg,0
13012658374_c15f1d8e7e_o.jpg,0
13019473843_d0ab37de5e_o.jpg,1
13019701314_278a09148c_o.jpg,0
13020663013_071fa1356d_o.jpg,1
130294128_4c3d4970d0_o.jpg,0
13033172833_b88bc374a5_o.jpg,0
1303430679_cbac77ff24_o.jpg,1
13036645494_ef1ee98982_o.jpg,0
13036808443_e59bd8d9f7_o.jpg,0
13037456255_e9ce2bd351_o.jpg,0
1303751607_48e51afed5_o.jpg,0
13039216174_d6f5e8f715_o.jpg,0
1303987745_26310a4ecf_o.jpg,0
13040424165_f1aed7d323_o.jpg,1
13040485045_e17169efda_o.jpg,0
13044100924_d403d93ba4_o.jpg,0
13048724333_55ed16e862_o.jpg,0
13052166993_cebf2350e0_o.jpg,0
13056661845_97b60702c6_o.jpg,0
13056789753_abf985a2b4_o.jpg,0
13056792743_a4f3254ef0_o.jpg,0
13057662384_c2b9f6828a_o.jpg,0
13059334115_b2661540be_o.jpg,0
13059388615_b396b5d9cb_o.jpg,1
13059629113_cda67be15e_o.jpg,0
13059716225_ce8e815534_o.jpg,1
13059732393_42b33bff24_o.jpg,0
13059776804_622bc02b40_o.jpg,0
13059793715_3551a551a3_o.jpg,0
13059852055_1acd6a919b_o.jpg,0
13059968065_67a22495c4_o.jpg,0
13060032433_8a6e369514_o.jpg,0
13060086523_8db3b7b1bc_o.jpg,1
13060094423_ed2e0a75f7_o.jpg,1
13060130264_699ac2c09a_o.jpg,0
13060185204_dfcf669fcd_o.jpg,1
13060209954_a2ce530d34_o.jpg,1
13063501205_d9455809c2_o.jpg,1
13063560485_015e396091_o.jpg,1
13063838755_38bdfba841_o.jpg,0
13064172474_6c19d16960_o.jpg,0
130643089_e84c22b247_o.jpg,0
13067760253_88153f31f6_o.jpg,0
13068077684_c59d4629cd_o.jpg,0
13069722525_8d90bfc96b_o.jpg,1
130717675_47d83efae0_o.jpg,0
1307177088_458aec9691_o.jpg,0
13071850933_1b9080b241_o.jpg,0
13072060834_7ef799d702_o.jpg,0
130803604_d19ee2c2ba_o.jpg,0
1308094408_2d4ff16568_o.jpg,0
130890898_2ab89d1b1d_o.jpg,0
13092040745_c5ef81562b_o.jpg,0
13096700405_73cc4c1e87_o.jpg,0
13101153484_7a9434f344_o.jpg,0
13103483884_a6b6402e21_o.jpg,0
131130065_6f2fc01e7a_o.jpg,0
13113355135_789ff5bba9_o.jpg,1
131147631_9fe93f7c39_o.jpg,0
131149000_401da9cb4d_o.jpg,1
13118476373_dd1cec3778_o.jpg,1
13120313705_e501fdc45a_o.jpg,1
13120798205_134dd15b9e_o.jpg,0
13120831345_7e77408cc9_o.jpg,0
13120859455_569294c187_o.jpg,0
13120890903_f3d5f2c614_o.jpg,0
13120992773_f5a7e9a404_o.jpg,0
13121069603_69dd71a5e6_o.jpg,0
13121164835_36173e50f7_o.jpg,0
13121200314_5125d15ab0_o.jpg,0
13121222184_cf633b9934_o.jpg,0
13121508944_8ef810dd2f_o.jpg,0
13122322204_d30f99ba08_o.jpg,1
13124510105_65535fb44b_o.jpg,0
1312572051_635cbf8207_o.jpg,0
1312639037_de0a2dcb8c_o.jpg,0
1312929145_139d172e2a_o.jpg,0
13129305543_af18082481_o.jpg,0
13132106303_f969eb9fe2_o.jpg,0
13133989044_9e86f979a2_o.jpg,0
13136842214_f03d539ea5_o.jpg,0
13138231684_73713418a7_o.jpg,0
13154294163_2a9560ccfa_o.jpg,0
131556911_07984eba07_o.jpg,1
13158769675_900974db6a_o.jpg,0
13165484213_bca2f2eedd_o.jpg,0
13166384575_f811c1a28d_o.jpg,0
131690_e0f803f5e7_o.jpg,0
131693_6d00476cbe_o.jpg,0
13170736544_1f24f49206_o.jpg,0
1317451850_03f73a84d9_o.jpg,1
13174667954_d122d01545_o.jpg,0
13175054283_893343aee1_o.jpg,0
13175448355_b60a272d0d_o.jpg,1
13175716114_ae6953f5a5_o.jpg,1
13178197585_253517f041_o.jpg,0
13179986214_5faebf7696_o.jpg,1
13180647045_78ce1d1636_o.jpg,0
13184557694_69a5bf8375_o.jpg,1
131881999_03fa8e252f_o.jpg,0
13193717944_9ce2fca22e_o.jpg,0
131945515_c9694d167c_o.jpg,0
13196950363_59b0984842_o.jpg,0
132031672_fe784411dc_o.jpg,0
13205128413_9310860eed_o.jpg,0
13212460275_036a504bec_o.jpg,0
132137521_539e14dded_o.jpg,0
13217756744_25b3cd37ff_o.jpg,0
13218935853_ddcd8e27c7_o.jpg,0
13218975_cc70d84667_o.jpg,0
13221650214_99b6ee6673_o.jpg,0
13223704315_2a862186b7_o.jpg,0
132310913_52df6a109c_o.jpg,0
13235892563_5e72a790d2_o.jpg,0
1324171510_c677519510_o.jpg,0
13254384243_1676739328_o.jpg,0
132623634_cc988b149e_o.jpg,0
1326800_3cc84e296b_o.jpg,0
13271293354_93a32a7397_o.jpg,0
13276235124_3ccd062fe3_o.jpg,0
13278223524_cc51b971e7_o.jpg,1
132788362_4eba66dcc1_o.jpg,0
13287664443_8f19fa8761_o.jpg,0
13290186275_1dc227d143_o.jpg,0
1329553193_38f0e5195b_o.jpg,0
13299623734_66a363ef8f_o.jpg,1
132997646_768ac55f20_o.jpg,1
133036616_569d24ac14_o.jpg,0
133074468_3ba6faf5f5_o.jpg,0
133096151_277a42d674_o.jpg,0
1331586951_0d4d5d2c94_o.jpg,0
1331590705_d091ee2fb6_o.jpg,0
13317375183_847d5d124b_o.jpg,1
13319889015_0633502afd_o.jpg,1
1332475460_b964c67239_o.jpg,0
1332617741_5051677ba6_o.jpg,0
133270675_66dcc4fd18_o.jpg,1
13334961574_a11dcee7c5_o.jpg,0
13340538434_fb01312b00_o.jpg,0
13341478763_baaf4ffe76_o.jpg,0
133443032_a6dedb415a_o.jpg,0
13344900565_860cfcb75d_o.jpg,1
1334716820_0012c0f369_o.jpg,1
13348088923_a63a65c133_o.jpg,0
13354533145_e3726636e8_o.jpg,0
13357701165_7e1d82e624_o.jpg,0
13362120233_1b9067df8d_o.jpg,1
13364161445_8930b73ded_o.jpg,1
1336592858_64b54558e7_o.jpg,0
1336856787_90f87b032f_o.jpg,0
1337162773_6843507603_o.jpg,0
13378288985_b6caf1c1d0_o.jpg,0
1338259976_33e1c2e893_o.jpg,0
13388400645_5eec4e994a_o.jpg,0
13388532913_a962dfa680_o.jpg,0
13388595573_859d40ba25_o.jpg,0
13388765834_e2c38c3547_o.jpg,0
1339098441_5c0ef3ec30_o.jpg,0
1339923522_e127af8350_o.jpg,0
13400383975_e58c906082_o.jpg,0
13405434_5ddcaa15ff_o.jpg,0
13407086974_ff1146e790_o.jpg,1
13408155524_cb7a0fa7c7_o.jpg,0
13409487465_d8522be570_o.jpg,0
13409515815_590fa8e6a8_o.jpg,0
13409518935_1b998b88a7_o.jpg,0
13409531255_af4b3f6009_o.jpg,1
13409581863_1460e21d0c_o.jpg,0
13409603803_1fac61c443_o.jpg,0
13409888774_e5e175ab29_o.jpg,0
13416547073_9f35902868_o.jpg,1
13416669603_b6752d0f48_o.jpg,0
13417396454_94441b2a18_o.jpg,1
13433105145_f8ce78c00e_o.jpg,1
13437246713_617009ab2e_o.jpg,0
13437486254_7b85948814_o.jpg,0
13438633463_4e1d2e6ca9_o.jpg,0
13440569804_b1aedd3005_o.jpg,0
134492766_f7a945797a_o.jpg,0
13450429403_ed20f40c14_o.jpg,0
134572469_6e6bbaee6f_o.jpg,0
134574511_4757400ffc_o.jpg,0
134576661_741a6fe778_o.jpg,0
134578382_90aa57925f_o.jpg,0
134583520_6d1b01f7d4_o.jpg,0
1345838259_cd65b64288_o.jpg,0
134584047_cbe66b89d9_o.jpg,0
13459028304_69782c8a66_o.jpg,0
134613701_1770dfc0a0_o.jpg,0
134626588_23589b048d_o.jpg,0
134649423_d29186f604_o.jpg,0
13470841563_a4a9198c24_o.jpg,1
1347834915_820d90b172_o.jpg,0
1348738815_d8ba1db015_o.jpg,0
1348754075_89e472db71_o.jpg,0
1348761649_aeeaf52063_o.jpg,0
13495728564_072b4dcce5_o.jpg,1
1349631748_deee026513_o.jpg,1
1349643758_8c154e99cf_o.jpg,0
1349681180_d29194fe35_o.jpg,1
1349694232_584125f6ce_o.jpg,1
13501347593_74a2a91674_o.jpg,1
13505236853_be5d3d7304_o.jpg,1
13510084443_9b413f785d_o.jpg,0
135124866_ffb95b73f6_o.jpg,0
13513026773_007959390b_o.jpg,1
135166385_b960ddf4a1_o.jpg,0
135175953_9bc63d5395_o.jpg,1
13519140774_65da304bea_o.jpg,0
1352051832_55bb8e7c87_o.jpg,0
13525345213_a56f5abf81_o.jpg,0
13525472334_a2615b2c31_o.jpg,0
13526292405_4e113c8aec_o.jpg,0
1352699911_922c5c766b_o.jpg,0
13527593223_0f5ce45ea0_o.jpg,0
13528483323_04e09f8bc6_o.jpg,0
13528694805_dc37b08d86_o.jpg,0
13539020703_b88557bdc3_o.jpg,0
135411870_39f1fdfeb8_o.jpg,0
135413004_e21b8e104f_o.jpg,0
1354254494_1e6f41c823_o.jpg,0
13546175783_0a967ce3e8_o.jpg,1
13548367_1c343e5406_o.jpg,1
13548604163_d4a5fe342d_o.jpg,1
1355268313_b7986362e1_o.jpg,0
13560211753_33146b1907_o.jpg,0
13560922885_876aa7ca0a_o.jpg,0
13560923715_9979d4d980_o.jpg,1
13560924565_0fe4a70350_o.jpg,0
13560987403_b9c99dec42_o.jpg,0
1356575991_1020bab546_o.jpg,1
13566563855_09a592d401_o.jpg,1
13579063364_2fa8858f6b_o.jpg,0
1358407689_9fdef8cc77_o.jpg,0
1358949744_b5913347a5_o.jpg,0
13591163694_f9b0db14c0_o.jpg,0
13591166864_d90cb239ba_o.jpg,0
1360411402_0f9c2bfd9e_o.jpg,0
1360413740_4083e7a48e_o.jpg,0
1360415252_ff85d4f194_o.jpg,0
1360427826_89d47f5e30_o.jpg,0
1360431714_c98508e99c_o.jpg,0
13605268775_65028e5677_o.jpg,0
13605392134_4d513dcf8b_o.jpg,0
13605618024_0398dbf10e_o.jpg,0
13609024993_0b0a4aca50_o.jpg,1
136118086_ff2abced70_o.jpg,0
13621649865_832afedb0e_o.jpg,0
136226190_931b101d0e_o.jpg,0
136249158_722bbea8d9_o.jpg,0
1362570453_f555638d27_o.jpg,1
136335183_f27603787b_o.jpg,1
136335411_997f646160_o.jpg,1
1363491354_17518bb09f_o.jpg,0
13648385265_6855119f4a_o.jpg,0
13650193283_6ca78bca1d_o.jpg,0
136540246_bae15da741_o.jpg,1
1365741068_cb401f9c83_o.jpg,0
13661062525_7263f02f4a_o.jpg,1
13663424683_aac4163671_o.jpg,1
13669169425_36a540bf99_o.jpg,1
13678684195_b01e512f8a_o.jpg,1
13678912813_953c46a3d0_o.jpg,1
13679252813_84af6f5938_o.jpg,1
1367954156_0dca911ed9_o.jpg,0
13682429813_09c1a31996_o.jpg,0
136845082_3be3692747_o.jpg,1
13684810883_fca420b91e_o.jpg,1
136936585_0ac76c7ba1_o.jpg,1
13703602813_c031351ee1_o.jpg,0
13703940254_96cf376068_o.jpg,0
13706352964_ca09894169_o.jpg,0
1371809260_fc7121099b_o.jpg,0
1372782099_d9046c6f31_o.jpg,1
137373518_b9945b21be_o.jpg,0
13738171224_77912b9dbd_o.jpg,0
13740056_5cfad04b7b_o.jpg,0
13747788355_16dc2da91c_o.jpg,1
13748131443_a9b18c2c5c_o.jpg,1
13750720043_30090aa42e_o.jpg,1
1375291703_4ecc3601e0_o.jpg,0
13753931213_2af0c249a6_o.jpg,1
13757714915_237f088dba_o.jpg,1
13757803375_b94c219a6c_o.jpg,1
13757842713_ea579d5ba1_o.jpg,0
13757959673_93d197ec29_o.jpg,0
13768709504_753c31bb01_o.jpg,0
1376909035_53b6641008_o.jpg,0
1377695478_97f1848678_o.jpg,0
1377720306_bd7e150552_o.jpg,0
1377796430_004ce66f7a_o.jpg,0
13783828464_c56366df79_o.jpg,0
13785632394_1b92a37fbf_o.jpg,1
13788205314_8df417762a_o.jpg,1
13790624925_840f0e4f9d_o.jpg,0
137986807_e7ca40634e_o.jpg,1
138001171_08feabc8cd_o.jpg,0
138031109_0a321f640c_o.jpg,0
13803538235_e3838261b4_o.jpg,0
13803552465_99b882c61b_o.jpg,1
13803795154_1ea8471259_o.jpg,1
13803887073_4d648b6d8d_o.jpg,0
13807199333_b5087d67d9_o.jpg,1
13811303143_73f3838de5_o.jpg,0
13811824454_2b1dce3117_o.jpg,0
13812602093_94f404ba69_o.jpg,0
1381571393_5b76b41cf1_o.jpg,0
13819061_fb3e4cc3bd_o.jpg,0
1382466268_d210537d45_o.jpg,0
1383631389_47d51baf21_o.jpg,0
13840767255_d1383d01f3_o.jpg,1
138429904_06032d3040_o.jpg,0
13845690333_d32dee709f_o.jpg,1
1384703103_a86cea0184_o.jpg,0
13847753093_ff87855985_o.jpg,1
1384782949_a322a53a6d_o.jpg,0
13850692783_6008ffb455_o.jpg,0
13852330173_ec5156c3ca_o.jpg,0
13853901385_83f79f9924_o.jpg,0
1385576125_145137874c_o.jpg,1
1385626077_bca6e625c7_o.jpg,0
13856821394_1a90f29f68_o.jpg,0
13858910743_4bf0bf731f_o.jpg,0
1386022071_9be7e3aec1_o.jpg,0
13861577434_2cb2e94e85_o.jpg,1
13861889585_099b6325fa_o.jpg,1
1386355429_18796993bb_o.jpg,0
13869494375_a3e735fe56_o.jpg,0
13869505605_4116f4c413_o.jpg,0
13875650294_3bdf52a164_o.jpg,0
1387758129_4a76cdb598_o.jpg,0
1387852974_5daabd555e_o.jpg,1
1387854124_9c3190bcc2_o.jpg,1
138847543_bc85e9830d_o.jpg,1
13889340701_b525c628db_o.jpg,1
13889348292_e0803be25d_o.jpg,1
13889369136_ea0e84641d_o.jpg,1
13890764706_2a3bd065ee_o.jpg,0
13891850004_b0a2277eb9_o.jpg,0
13893421666_f593d053a7_o.jpg,0
13894536304_957bce63c1_o.jpg,0
13894844116_38ba320a7b_o.jpg,1
138962561_0f17a70096_o.jpg,0
13896579781_65dcaea7c6_o.jpg,0
13896841803_462a60f790_o.jpg,0
13897655058_151b3c5759_o.jpg,0
13897855890_2c731ee523_o.jpg,0
1390318989_defd17e582_o.jpg,0
13909979420_993541cb78_o.jpg,1
13910670455_4e40c00ed2_o.jpg,1
13911274466_a53e590a3b_o.jpg,0
13911881688_4721da7faa_o.jpg,0
13912460165_d91b19b6d4_o.jpg,0
13912902104_e0ce7a2807_o.jpg,0
13915401945_061fb76f00_o.jpg,0
1391751970_62a9a179b3_o.jpg,0
13917636650_498866c0a0_o.jpg,1
13918605679_b238af2580_o.jpg,1
13918883424_c53e09d41f_o.jpg,0
13919087576_6c293f23d6_o.jpg,1
13919818749_ca21b8b8a5_o.jpg,1
13919923028_d4d750db9e_o.jpg,1
139218535_db4fac7ab0_o.jpg,0
13924955645_c551741f83_o.jpg,1
13926160475_0775f99eb3_o.jpg,0
13927433792_61e1222435_o.jpg,0
13927694576_84f5320345_o.jpg,0
13930605740_d29114d6fa_o.jpg,0
13934057455_71964c0c86_o.jpg,0
13934063690_e6e67b46c2_o.jpg,0
13934067810_511588f200_o.jpg,1
13935714680_38b3cc781b_o.jpg,0
1393889966_604c65d117_o.jpg,1
13939072187_575c2fc90e_o.jpg,1
13941277744_03c2120cea_o.jpg,1
13942312959_dd98c15555_o.jpg,0
13944958362_78838257be_o.jpg,1
13945896154_aa0cf1cf68_o.jpg,0
13948108777_ab02d57be9_o.jpg,0
13949447573_4a465586af_o.jpg,0
13952896025_ec263f9a9e_o.jpg,0
13955536033_92e8bbf6f7_o.jpg,0
13956784147_42b15d1f44_o.jpg,0
13957614390_9f433d58cf_o.jpg,0
13960445482_af8b3b233c_o.jpg,0
13960600915_06a21c98d6_o.jpg,0
13967283049_4217029dd0_o.jpg,0
13969939562_65d623121b_o.jpg,0
13972043268_9d78992984_o.jpg,1
13973709095_ab439a1d3d_o.jpg,0
13975123795_76f85e597d_o.jpg,1
13975852446_1d289bcaa5_o.jpg,0
13976110708_7f6a651c0a_o.jpg,0
13976523839_be189970ae_o.jpg,0
13977200890_dc1e065438_o.jpg,0
13978230423_a7e85de338_o.jpg,0
13982856966_a967574f11_o.jpg,0
13986284670_afdfacdbbc_o.jpg,0
13987628694_43507cf1db_o.jpg,1
13987796927_d0096ce9e8_o.jpg,1
13989725503_c6a21bc405_o.jpg,0
13994637556_29bf7d7988_o.jpg,0
1399549225_ba2ebbff9e_o.jpg,1
139956408_f59c3326ed_o.jpg,1
13995650459_147712e52e_o.jpg,1
13995920601_b1b4860124_o.jpg,1
13997450110_7597384a23_o.jpg,0
13999476665_65efb9acf4_o.jpg,0
1400006_56e44be125_o.jpg,1
14000442329_aa697ca9b0_o.jpg,1
14001008038_3a332557e2_o.jpg,0
1400125726_3ff9c90d1e_o.jpg,0
14001702694_8eb6ffc912_o.jpg,0
1400179212_e24eb5a2f2_o.jpg,0
1400187393_aad883dbe1_o.jpg,1
1400202180_83ee9af3a9_o.jpg,0
14002051955_932d4d82d9_o.jpg,0
14003766033_045c868409_o.jpg,0
14005806194_5eddcab643_o.jpg,1
14007080327_aa26d47102_o.jpg,0
14007263133_14da156a8e_o.jpg,0
14008279806_825f2aed48_o.jpg,0
14011136488_c4d456cff5_o.jpg,0
14011354115_5f39389232_o.jpg,0
14012091140_96f4686d65_o.jpg,0
14013968538_58a31f3500_o.jpg,1
14013982740_96d13ba209_o.jpg,1
14015787026_aee580f162_o.jpg,1
14016186434_221c7d5c03_o.jpg,1
14016627117_897b3798c2_o.jpg,0
14016786156_221fc41a32_o.jpg,1
14016959998_e635993807_o.jpg,1
14017400849_eb74022143_o.jpg,1
14017477757_890e88065b_o.jpg,1
1401748113_b191466082_o.jpg,1
14018329780_cebc5dd3a8_o.jpg,0
14018502428_1e7e925e44_o.jpg,1
14018985533_d910f3087d_o.jpg,1
1401917207_4e50e10abd_o.jpg,1
14019356809_a3fd0de367_o.jpg,0
14021788546_15c7ee8fe7_o.jpg,0
14021970844_a2037d9215_o.jpg,1
1402203201_fa99fdd5fa_o.jpg,1
1402257168_fa2ab1cac7_o.jpg,0
14022594799_66eea4686c_o.jpg,0
14022881177_dc6187d2de_o.jpg,0
14023841516_09f63ca75b_o.jpg,1
14025375110_2c0c91cc6b_o.jpg,1
14027346448_26e4bdc095_o.jpg,1
14027934590_509ede4329_o.jpg,0
14033359261_8028b28e8d_o.jpg,0
14034028888_5ffe3ef7e6_o.jpg,0
14034100237_14101745d0_o.jpg,0
14034345160_afd7d9f6d6_o.jpg,1
14035314136_91585c45dc_o.jpg,0
14035493786_aef5d321cb_o.jpg,0
14035697691_ac1b79e09b_o.jpg,1
140360208_47821dc4cd_o.jpg,0
14036225672_241747a722_o.jpg,0
14037989296_c0aac3f8c8_o.jpg,0
14041431566_6e2cb8229f_o.jpg,0
14041725212_17c3008d51_o.jpg,1
14043384979_2bede6f27a_o.jpg,0
14046064680_38ffa9cece_o.jpg,1
1404766980_ce2b830f92_o.jpg,1
14047994759_b3face6b93_o.jpg,0
14050115380_de9d11f19d_o.jpg,0
1405035948_0ed368c258_o.jpg,0
14051397503_16d42c648e_o.jpg,0
14051689209_cd87f5e2c7_o.jpg,1
1405206963_68a6dd7859_o.jpg,0
14055998623_d4ebebdf97_o.jpg,0
14057783809_c2305e6782_o.jpg,0
14061617858_872f06e00c_o.jpg,0
14064749121_ec8e17f396_o.jpg,0
14065487722_932a071519_o.jpg,1
14066603570_61bbde8e54_o.jpg,0
14066889772_2b5bd052fd_o.jpg,1
14067134237_8b37790b3e_o.jpg,0
14070446266_abe5df80ee_o.jpg,0
14072023877_2ba3d2854b_o.jpg,0
14073794537_9377600945_o.jpg,0
14074507068_fa382467b3_o.jpg,0
14074720642_48299b393a_o.jpg,1
14075101261_4d100d7e3c_o.jpg,0
14078684613_1a93cded96_o.jpg,0
14080547368_3a25ac4b23_o.jpg,0
14080581420_5d3ec978af_o.jpg,0
14080623097_9343bd51cc_o.jpg,0
14080793845_80d7df7ab8_o.jpg,1
14081055471_e43c45a540_o.jpg,0
14081773239_376e483179_o.jpg,0
14082023511_39473569d8_o.jpg,1
14082399857_150dcb1556_o.jpg,1
14083166879_9b91cbcce7_o.jpg,0
14083878039_1fd97971f8_o.jpg,0
14085794615_75763065f5_o.jpg,1
14087554159_0bee54a184_o.jpg,0
14088170920_9dfc7f912d_o.jpg,0
14088733886_cb4b82611f_o.jpg,0
14090377326_42177038c0_o.jpg,1
14091326075_3afcde9f44_o.jpg,0
14091368782_cb26f12d38_o.jpg,0
14094844163_fe4ef5be0a_o.jpg,0
14099338965_160f4e244d_o.jpg,0
14100543559_a7c275c88c_o.jpg,1
141022099_2be0b785ab_o.jpg,0
14102524488_ecab658ed7_o.jpg,0
14102822716_41bbc8e6e6_o.jpg,0
14102901552_0f3e7c655e_o.jpg,0
14103013442_3b4d05ee10_o.jpg,1
14103078119_6bf291dde2_o.jpg,1
14103410398_01a3a182ba_o.jpg,1
14103506107_bc3a95f8cf_o.jpg,0
14106015745_09c26aa7e6_o.jpg,1
14106077181_2f9d783dfa_o.jpg,0
14109135881_a49b2a4eef_o.jpg,0
14109165536_c273425ea9_o.jpg,0
14112478750_dea46b49a4_o.jpg,1
14112561787_d2b55c3612_o.jpg,1
14115278301_4bb19caf7d_o.jpg,0
1411528535_89205161a2_o.jpg,1
1411721643_ccbafb0a04_o.jpg,0
14118782240_653de929c9_o.jpg,0
14120696405_6213f55b67_o.jpg,1
14121572799_280c83a761_o.jpg,0
141245821_78e6a6d8ce_o.jpg,1
141272332_93e9b59df8_o.jpg,1
14128495538_829cb5ff49_o.jpg,0
14128742668_1553a6b8a7_o.jpg,0
141305892_a92b8777c1_o.jpg,0
141340227_0c28824549_o.jpg,1
14134468345_0056991486_o.jpg,1
14134723314_2cc5011e9f_o.jpg,1
141352675_9c33b1c20e_o.jpg,1
14136577931_823a9eca8c_o.jpg,0
14137392109_d7fd41f967_o.jpg,1
14137435850_463b65b475_o.jpg,1
1414259844_9811194c03_o.jpg,1
141433755_bb2ad21eae_o.jpg,1
1414409011_c987365af1_o.jpg,0
14144757588_618dbc6877_o.jpg,0
14144777607_4f54aa7cd0_o.jpg,0
14144861329_c646615b53_o.jpg,0
141449036_b6d7a14519_o.jpg,1
14144947037_9ffd88a3c9_o.jpg,0
14144961047_0682d279a8_o.jpg,1
14144995010_7552f6a72b_o.jpg,0
141451349_401f0ef9e6_o.jpg,0
14146460546_d457c87273_o.jpg,0
14147276362_361684d7e3_o.jpg,0
14150625146_c4332fd61c_o.jpg,1
14151366362_95fe0ea751_o.jpg,0
14151772389_c714e13b80_o.jpg,1
14153910826_3540f299f9_o.jpg,0
14154168300_89061981aa_o.jpg,0
14156849535_ddcae4701a_o.jpg,0
14156982071_b497ecea60_o.jpg,0
14160754557_a755026456_o.jpg,1
14161486795_5b929ed7e4_o.jpg,0
14164900004_d7091f04e9_o.jpg,0
14166557873_a7a9417690_o.jpg,0
14168584771_af0378e3af_o.jpg,0
14169868257_f8dd865ea9_o.jpg,1
14171120431_16ba1fa3dc_o.jpg,0
14171661123_f35f38ae5a_o.jpg,1
1417649012_b48e56dc5e_o.jpg,0
14178154082_4c58b94eb2_o.jpg,0
14178927944_51c5c86c64_o.jpg,0
14180477783_f336cb548c_o.jpg,0
14180619125_1c4e6026c4_o.jpg,0
14183009149_00f9a7b170_o.jpg,0
1418319291_bb025df272_o.jpg,0
14184206746_10256a592f_o.jpg,0
14185596610_ece34e7365_o.jpg,1
14187406155_68dbd7cdbc_o.jpg,1
14188075519_6a6bb81424_o.jpg,0
14188444907_ce708f07eb_o.jpg,1
14189090703_aff40a63ff_o.jpg,1
14189222733_e5b4fd478d_o.jpg,0
14189579496_3d0bb4e144_o.jpg,1
14191326322_69b7bccd07_o.jpg,1
14195212371_7dcfa90a8a_o.jpg,0
14198097572_2e99d1be54_o.jpg,1
14200035541_fde37c92a7_o.jpg,0
14200195726_748d161740_o.jpg,0
14200683785_7b35c8f328_o.jpg,1
14201417894_a7c6a2b236_o.jpg,1
14203840732_d0ec353f88_o.jpg,1
14205446742_9fb3db5ce3_o.jpg,0
14207865100_810ee3c34b_o.jpg,0
14210308028_e94fd97911_o.jpg,0
1421313722_ca2c677b9a_o.jpg,0
14215650084_3dff794047_o.jpg,0
14215662192_b250c96e29_o.jpg,0
14218800441_f96ea38835_o.jpg,0
14219061204_89995ede21_o.jpg,0
14219423491_a5a86a624d_o.jpg,1
14220675495_25e1f966d8_o.jpg,0
14220852513_9bc14560b9_o.jpg,1
14222522724_b8ed01aca8_o.jpg,0
14225364757_3b202eb05d_o.jpg,0
142255379_dcc69d44fe_o.jpg,1
142258131_304726a684_o.jpg,1
14226503700_317728efaa_o.jpg,0
14227306069_d5d95af2c5_o.jpg,0
14228415397_24ac568d4b_o.jpg,0
14228654139_944fd8195e_o.jpg,0
14232115822_eda3180a20_o.jpg,0
14233163229_53423ffba4_o.jpg,0
14235595106_98be4988ce_o.jpg,0
14240012373_bc2f785262_o.jpg,0
14241620801_64db5e50e5_o.jpg,1
14242054626_e7ff5cf010_o.jpg,1
14244065356_14e4dd2de1_o.jpg,1
14244423473_57cafe15df_o.jpg,1
1424511194_d89f5611f3_o.jpg,1
1424606266_16d9bec4c4_o.jpg,0
14249524481_6e179654d3_o.jpg,0
14250036691_2c89519e6b_o.jpg,0
14250055348_bec466a55b_o.jpg,0
14250165387_812486d95c_o.jpg,0
14250243717_71de46a45a_o.jpg,0
14252500799_b0aef0b26f_o.jpg,0
14252696648_7f59e65503_o.jpg,0
14252701527_bf83820a90_o.jpg,0
14252718087_e2ae8e5b6e_o.jpg,0
14253534264_03ce7eafe9_o.jpg,0
14253779447_d017db56cd_o.jpg,1
1425793980_d5d60a56a8_o.jpg,0
14258747825_6bb1ef700a_o.jpg,0
1425932842_656fa9cb1f_o.jpg,0
1426046433_fe86067a98_o.jpg,1
1426085997_7e65e99182_o.jpg,1
14261547345_30084e732a_o.jpg,0
14261643980_abdfe1f230_o.jpg,1
14261886063_2014981c55_o.jpg,0
14263042862_192e460764_o.jpg,0
14263292110_a26c0685cf_o.jpg,0
14263867791_7fb7c73ece_o.jpg,1
14263868081_aa11e0f527_o.jpg,1
142659936_99b81a4e51_o.jpg,1
14267413191_56aac8b0f3_o.jpg,1
14267532882_9181242c7f_o.jpg,0
14268839746_112aeaf896_o.jpg,1
14268843256_5931c8c833_o.jpg,1
142696056_3eaa8646e3_o.jpg,0
14272022244_1b146dbd7b_o.jpg,1
14273116689_d452b4f642_o.jpg,0
14273242426_6c3a96aff8_o.jpg,1
14273858859_9f18d6e8ec_o.jpg,0
142749120_2771195b32_o.jpg,0
14275243887_d263a65240_o.jpg,1
14275395670_7b09048205_o.jpg,0
14275423098_2223e17fb9_o.jpg,1
14275595147_8439507a98_o.jpg,0
14275687895_3610e209c0_o.jpg,0
14276352929_234ae8b9b1_o.jpg,0
14277674570_c19010bc64_o.jpg,0
14277675750_496b2e8da9_o.jpg,0
14277697578_0dde30781a_o.jpg,0
14278827704_98c54a2a05_o.jpg,1
14280033384_9fce2a0d4a_o.jpg,1
14280594072_671e1624b3_o.jpg,0
14281210447_3f44637180_o.jpg,0
1428197486_6bebe382af_o.jpg,1
1428306558_416abbb043_o.jpg,0
1428435655_3946e61aae_o.jpg,0
14285247102_ef41364faa_o.jpg,0
14285737877_46779f7c80_o.jpg,1
14285874100_7f797f89f3_o.jpg,0
14286498813_e0980fb422_o.jpg,1
1428710752_b93cb618a3_o.jpg,0
14287357083_42a8e3d359_o.jpg,0
1428740704_8cfebab72f_o.jpg,1
1428838963_5e51d35e80_o.jpg,0
14289331700_c8fa38c5b2_o.jpg,0
14289985783_be6759bc7f_o.jpg,0
14290760970_992287280d_o.jpg,1
14292052268_36b22d22f0_o.jpg,1
14292169134_d465841cf4_o.jpg,0
14292730617_52403a614a_o.jpg,1
1429276459_0be80a28a3_o.jpg,1
14292792827_a3fe2430f2_o.jpg,0
1429280779_a46a6fac40_o.jpg,0
1429323635_933eff21a6_o.jpg,0
14296226764_9c742235d8_o.jpg,1
14298410894_958cef6078_o.jpg,0
1429902240_387936872d_o.jpg,1
1430064416_ed2c0a0545_o.jpg,0
14308257886_6b61012e99_o.jpg,0
14310261247_78a3410492_o.jpg,0
5301178580_7bb9f59a0f_o.jpg,0
530522707_f0a33a2b93_o.jpg,0
